lat,lon,first_year,last_year,first_richness,last_richness,delta,direction
-16.35,46.85,2023,2024,8.64,10.55,1.92,up
13.45,-16.75,2023,2025,7.55,9.07,1.52,up
-24.95,31.55,2023,2025,11.25,10.16,-1.09,down
-3.35,39.95,2024,2025,9.98,16.8,6.82,up
10.85,19.75,2024,2025,10.43,12.59,2.16,up
-3.35,29.35,2024,2025,13.46,15.26,1.8,up
-0.35,37.35,2024,2025,10.88,7.0,-3.88,down
-2.75,20.25,2023,2025,11.29,8.03,-3.26,down
-3.15,29.55,2024,2025,8.93,12.72,3.79,up
0.25,34.85,2024,2025,10.63,8.74,-1.9,down
6.25,-0.55,2023,2024,8.43,9.45,1.02,up
-28.35,32.45,2023,2025,7.45,9.0,1.55,up
-3.15,37.25,2024,2025,7.31,9.38,2.08,up
9.25,-1.85,2023,2024,9.36,9.18,-0.19,flat
13.35,-13.35,2023,2024,10.88,7.71,-3.17,down
5.25,-2.65,2023,2024,9.38,9.72,0.34,flat
-2.65,38.35,2023,2024,14.6,12.91,-1.69,down
-24.95,31.65,2023,2024,12.07,10.58,-1.49,down
-0.75,36.45,2023,2024,9.2,9.0,-0.2,flat
0.45,30.35,2023,2025,10.0,9.45,-0.55,down
-33.95,18.45,2024,2025,12.04,9.49,-2.55,down
-12.45,27.65,2023,2024,7.0,8.0,1.0,up
-34.05,18.45,2024,2025,10.15,10.44,0.29,flat
-15.85,27.25,2024,2025,6.76,6.45,-0.3,flat
9.05,38.75,2023,2025,8.51,7.36,-1.15,down
-15.45,28.45,2024,2025,8.85,9.0,0.15,flat
-3.35,38.35,2023,2024,7.71,7.35,-0.36,flat
-1.55,35.35,2023,2024,7.53,3.82,-3.71,down
4.05,-52.65,2024,2025,9.42,7.28,-2.14,down
41.15,-73.85,2023,2025,13.1,8.0,-5.1,down
27.25,-82.45,2024,2025,12.79,12.33,-0.46,flat
-23.65,-45.75,2024,2025,33.24,22.78,-10.46,down
-23.65,-45.65,2024,2025,29.95,15.93,-14.02,down
3.65,-53.25,2023,2024,14.62,8.89,-5.73,down
-23.55,-45.85,2023,2024,10.84,27.61,16.77,up
-15.55,-47.75,2023,2025,30.89,27.42,-3.47,down
4.35,-52.35,2023,2025,12.31,13.25,0.95,up
0.15,-78.85,2023,2025,9.22,9.48,0.26,flat
-32.85,-60.65,2023,2025,33.72,30.05,-3.68,down
9.15,-79.75,2023,2025,9.95,22.38,12.43,up
5.05,-75.55,2023,2025,14.96,28.08,13.12,up
-0.05,-78.65,2023,2025,8.81,8.95,0.14,flat
17.15,-96.75,2023,2024,18.93,22.08,3.15,up
11.15,-74.05,2023,2025,5.62,10.25,4.63,up
-16.05,-50.25,2023,2024,15.63,18.38,2.75,up
0.15,-79.15,2023,2024,12.24,16.33,4.1,up
-16.05,-49.65,2023,2025,32.19,24.26,-7.93,down
4.45,-72.65,2024,2025,9.46,11.11,1.65,up
0.05,-78.85,2023,2025,10.77,12.0,1.23,up
-0.05,-78.75,2023,2025,16.45,12.3,-4.15,down
-25.65,-54.45,2023,2024,17.15,10.48,-6.68,down
-32.95,-60.75,2023,2025,23.14,27.68,4.54,up
0.05,-78.65,2023,2025,9.29,10.11,0.82,up
-18.95,-51.65,2023,2024,20.79,22.13,1.34,up
-8.65,-63.85,2023,2025,13.12,16.97,3.85,up
0.05,-78.75,2023,2024,15.2,10.72,-4.47,down
0.35,-79.65,2023,2024,32.48,28.69,-3.79,down
-0.55,-77.85,2023,2024,7.05,10.08,3.03,up
19.35,-97.05,2023,2024,12.0,15.55,3.55,up
1.75,-75.75,2023,2025,9.74,9.79,0.05,flat
-39.55,-62.45,2024,2025,9.82,9.56,-0.26,flat
4.95,-75.45,2023,2024,8.0,10.98,2.98,up
-16.55,-49.25,2023,2025,26.71,24.0,-2.72,down
-16.45,-49.35,2024,2025,20.17,21.78,1.61,up
-16.55,-49.35,2023,2024,31.26,18.56,-12.71,down
-6.05,-76.95,2023,2025,9.64,10.54,0.9,up
0.05,-78.55,2023,2025,9.25,6.82,-2.43,down
-14.65,-49.05,2023,2024,30.88,21.32,-9.56,down
47.65,-122.25,2023,2024,17.0,19.18,2.18,up
-22.35,-44.75,2023,2025,12.86,8.85,-4.01,down
4.35,-72.75,2024,2025,8.65,9.57,0.93,up
-0.05,-78.95,2023,2025,10.38,14.3,3.92,up
3.85,-76.85,2023,2024,8.52,8.38,-0.13,flat
31.35,-109.25,2023,2024,23.48,21.62,-1.86,down
15.45,-90.35,2023,2025,9.0,22.98,13.98,up
32.25,-110.85,2024,2025,16.22,14.76,-1.46,down
47.05,-70.75,2024,2025,5.97,8.9,2.93,up
32.65,-116.95,2023,2024,12.55,13.08,0.53,up
39.25,-84.75,2023,2025,22.59,26.6,4.01,up
34.15,-118.25,2023,2025,8.51,6.31,-2.2,down
10.35,-72.95,2024,2025,8.55,10.17,1.62,up
40.15,-75.05,2023,2025,9.72,11.39,1.67,up
41.65,-83.15,2023,2025,16.71,10.42,-6.29,down
46.15,-72.75,2024,2025,5.41,8.93,3.52,up
38.65,-78.45,2024,2025,15.25,6.88,-8.37,down
45.55,-73.15,2024,2025,3.98,8.39,4.41,up
42.05,-79.25,2023,2025,17.88,17.94,0.06,flat
17.15,-96.85,2023,2024,17.04,19.21,2.17,up
38.75,-78.35,2023,2024,15.81,18.06,2.25,up
38.55,-121.05,2023,2025,8.27,9.0,0.73,up
17.05,-96.65,2023,2025,12.59,17.3,4.71,up
17.05,-96.55,2024,2025,14.88,16.73,1.85,up
15.75,-96.15,2023,2024,12.5,19.83,7.34,up
4.45,-72.75,2024,2025,8.3,12.5,4.2,up
32.35,-110.85,2023,2025,17.06,11.96,-5.11,down
-19.15,-46.85,2024,2025,10.5,10.23,-0.27,flat
31.95,-109.15,2023,2024,23.98,22.03,-1.95,down
40.05,-75.15,2023,2025,3.69,7.7,4.01,up
9.55,-83.85,2024,2025,9.06,7.38,-1.68,down
19.25,-99.25,2023,2024,8.57,3.82,-4.75,down
-31.85,-58.25,2023,2024,12.51,12.2,-0.31,flat
17.05,-96.75,2023,2024,13.64,15.78,2.14,up
9.85,-84.65,2023,2024,8.0,8.01,0.01,flat
38.75,-78.45,2023,2024,8.01,10.34,2.33,up
-16.25,-67.85,2023,2024,10.24,8.69,-1.55,down
31.55,-109.55,2023,2024,19.91,22.65,2.74,up
40.85,-91.05,2023,2025,13.28,9.78,-3.51,down
45.75,-87.05,2023,2024,15.68,20.2,4.51,up
40.25,-105.25,2023,2024,15.6,14.59,-1.01,down
46.05,-74.15,2023,2025,11.45,10.0,-1.45,down
-15.85,-48.95,2024,2025,21.18,13.04,-8.14,down
-16.45,-51.15,2023,2025,18.54,19.46,0.92,up
45.65,-111.05,2024,2025,10.0,9.72,-0.28,flat
-27.35,-55.95,2024,2025,9.26,15.68,6.42,up
5.05,-75.45,2023,2025,12.51,19.74,7.23,up
-4.25,-79.25,2023,2024,8.38,6.64,-1.75,down
38.45,-122.05,2023,2025,7.54,8.68,1.15,up
-33.45,-70.65,2024,2025,8.4,8.29,-0.12,flat
38.65,-78.35,2023,2024,7.91,19.89,11.98,up
4.95,-52.35,2023,2025,9.27,6.98,-2.29,down
-4.45,-79.15,2023,2024,10.48,9.11,-1.37,down
10.45,-84.05,2023,2024,9.0,10.09,1.09,up
17.75,-96.35,2023,2025,11.0,17.17,6.17,up
19.15,-96.15,2023,2025,13.59,8.0,-5.59,down
-33.25,-70.75,2023,2024,7.21,12.0,4.79,up
-14.55,-40.25,2023,2025,31.07,16.96,-14.11,down
-9.05,-64.05,2023,2025,21.02,15.01,-6.01,down
-6.35,-47.15,2023,2024,21.6,19.25,-2.36,down
-11.75,-55.35,2023,2025,16.85,17.55,0.7,up
9.75,-84.65,2023,2024,8.0,8.68,0.68,up
17.35,-96.45,2024,2025,13.0,10.0,-3.0,down
18.75,108.85,2023,2025,12.98,8.79,-4.19,down
43.55,123.55,2023,2025,10.02,12.26,2.25,up
30.25,120.15,2024,2025,10.67,11.11,0.45,flat
19.35,109.65,2023,2025,20.06,9.13,-10.93,down
19.95,110.45,2023,2025,13.56,11.08,-2.48,down
31.15,121.45,2023,2025,12.82,10.94,-1.88,down
39.95,116.35,2024,2025,13.09,6.3,-6.79,down
31.05,110.95,2023,2025,13.04,8.96,-4.08,down
1.35,103.85,2023,2025,16.96,11.32,-5.64,down
25.05,101.45,2024,2025,11.14,15.03,3.89,up
18.65,110.25,2023,2025,12.33,13.0,0.67,up
30.85,121.75,2023,2025,14.64,10.55,-4.1,down
43.45,123.45,2024,2025,14.74,9.12,-5.61,down
24.25,120.95,2023,2025,8.45,10.4,1.95,up
13.75,100.55,2023,2025,10.66,9.57,-1.09,down
3.75,101.75,2023,2025,10.91,11.65,0.73,up
25.25,98.75,2024,2025,11.49,10.0,-1.49,down
30.85,121.55,2023,2024,10.03,10.48,0.45,flat
6.05,116.55,2023,2025,9.64,9.1,-0.55,down
20.05,99.05,2023,2024,10.06,10.51,0.45,flat
18.55,98.45,2023,2024,8.71,9.01,0.3,flat
19.15,103.75,2023,2024,16.01,10.0,-6.01,down
22.75,100.95,2023,2024,14.27,10.18,-4.08,down
31.05,103.15,2024,2025,6.76,8.62,1.86,up
49.65,121.55,2023,2024,14.7,11.3,-3.4,down
29.65,102.95,2024,2025,9.85,10.82,0.97,up
-6.35,155.55,2024,2025,7.95,14.45,6.49,up
4.95,117.85,2023,2025,10.09,8.19,-1.9,down
6.35,100.95,2023,2025,13.39,8.0,-5.39,down
11.95,108.35,2024,2025,12.47,15.72,3.25,up
21.95,101.25,2023,2025,7.93,11.11,3.18,up
18.15,104.45,2023,2024,13.1,12.5,-0.6,down
17.45,53.35,2023,2025,7.91,6.79,-1.12,down
20.65,102.15,2023,2024,14.7,16.91,2.21,up
47.85,106.65,2023,2025,10.99,14.55,3.56,up
31.55,121.95,2023,2024,9.2,7.69,-1.51,down
30.45,120.95,2024,2025,8.29,7.07,-1.22,down
11.85,108.45,2024,2025,5.7,9.55,3.85,up
24.45,97.55,2024,2025,12.88,9.07,-3.81,down
24.25,121.05,2023,2025,8.11,11.52,3.4,up
19.85,100.45,2023,2024,11.85,8.61,-3.23,down
31.55,120.15,2023,2024,8.35,5.78,-2.57,down
43.05,76.95,2023,2025,9.76,8.1,-1.67,down
30.85,102.95,2024,2025,9.29,10.05,0.76,up
1.35,124.85,2023,2024,8.0,9.56,1.56,up
12.85,99.55,2023,2025,10.85,8.6,-2.25,down
12.75,99.45,2023,2025,8.33,8.27,-0.06,flat
18.05,102.35,2023,2024,10.44,11.59,1.15,up
13.75,100.85,2023,2025,9.27,9.07,-0.2,flat
13.85,100.45,2024,2025,13.49,8.12,-5.37,down
1.45,103.75,2023,2025,12.75,10.87,-1.87,down
17.95,102.65,2023,2024,14.05,15.06,1.02,up
14.05,100.65,2024,2025,10.3,9.78,-0.52,down
17.85,102.65,2023,2024,14.63,16.15,1.51,up
13.85,100.55,2023,2025,10.66,9.04,-1.62,down
13.95,100.45,2023,2024,10.22,9.6,-0.62,down
39.95,115.45,2023,2024,11.7,7.21,-4.5,down
40.05,115.55,2023,2024,11.87,10.42,-1.45,down
1.85,103.95,2023,2025,15.14,9.89,-5.25,down
8.75,99.65,2023,2025,9.57,8.88,-0.69,down
4.35,102.45,2023,2025,13.56,9.95,-3.61,down
4.65,102.05,2023,2025,25.35,10.01,-15.34,down
12.85,99.35,2024,2025,8.74,11.55,2.82,up
5.65,116.45,2024,2025,8.7,8.9,0.21,flat
29.45,79.35,2023,2025,5.64,7.37,1.73,up
19.85,100.35,2023,2024,8.57,7.53,-1.04,down
43.05,141.65,2023,2024,10.73,16.18,5.45,up
18.25,102.15,2023,2024,16.0,17.64,1.64,up
20.15,100.55,2023,2024,10.33,9.6,-0.74,down
31.75,102.25,2024,2025,8.86,8.12,-0.73,down
26.45,117.55,2023,2024,8.76,11.24,2.48,up
-2.55,140.05,2024,2025,7.59,8.88,1.28,up
44.35,75.45,2023,2025,6.18,4.93,-1.25,down
17.05,54.15,2023,2025,10.5,9.3,-1.2,down
-9.45,147.35,2024,2025,9.02,8.83,-0.19,flat
3.65,101.75,2023,2024,9.57,9.71,0.14,flat
30.95,121.95,2023,2025,10.15,7.24,-2.91,down
1.25,103.85,2023,2025,8.73,10.19,1.46,up
1.55,125.15,2023,2024,7.9,11.13,3.23,up
17.95,102.75,2023,2024,12.4,17.22,4.82,up
13.55,100.65,2024,2025,11.52,12.15,0.62,up
13.75,100.35,2024,2025,9.0,7.88,-1.11,down
40.05,116.35,2023,2024,14.42,13.71,-0.71,down
3.45,101.75,2023,2024,8.5,7.86,-0.64,down
13.75,100.05,2024,2025,11.96,9.2,-2.76,down
30.95,121.35,2023,2024,6.65,8.34,1.69,up
1.35,103.75,2023,2025,11.36,10.51,-0.85,down
1.45,103.95,2023,2025,8.8,9.0,0.2,flat
-6.75,106.95,2023,2024,8.85,10.19,1.34,up
-5.95,144.25,2024,2025,5.25,6.65,1.4,up
30.25,120.05,2024,2025,9.59,9.89,0.3,flat
27.15,77.55,2023,2025,13.43,8.33,-5.09,down
13.45,100.35,2024,2025,7.69,6.98,-0.71,down
13.45,100.95,2024,2025,8.08,10.03,1.96,up
13.85,100.85,2024,2025,11.29,9.58,-1.71,down
17.05,54.45,2024,2025,4.46,2.91,-1.55,down
17.15,54.25,2023,2025,7.73,7.19,-0.54,down
17.05,54.35,2023,2024,6.0,7.73,1.73,up
3.45,101.25,2024,2025,7.41,2.0,-5.41,down
25.35,98.75,2023,2025,8.78,9.72,0.95,up
8.25,126.15,2024,2025,8.87,13.99,5.11,up
31.05,121.45,2024,2025,7.74,4.25,-3.49,down
28.75,116.35,2023,2025,6.73,3.9,-2.82,down
31.95,114.25,2024,2025,6.0,8.2,2.2,up
14.45,101.35,2023,2024,7.93,8.93,1.0,up
50.75,69.95,2023,2025,8.08,6.41,-1.67,down
3.25,101.85,2024,2025,5.73,5.47,-0.26,flat
27.05,117.05,2023,2025,13.69,8.38,-5.32,down
26.65,77.95,2024,2025,3.53,5.0,1.47,up
17.15,54.55,2023,2024,8.14,6.5,-1.64,down
-1.05,133.95,2024,2025,6.0,8.8,2.8,up
-12.35,130.95,2023,2024,20.45,25.55,5.09,up
-44.05,-176.65,2023,2025,11.53,6.3,-5.23,down
-35.25,149.05,2024,2025,19.45,21.73,2.27,up
-35.15,149.15,2024,2025,12.0,9.8,-2.2,down
-12.35,130.85,2023,2024,18.12,8.17,-9.95,down
56.15,47.35,2023,2025,12.82,14.32,1.5,up
56.05,47.25,2023,2025,10.7,8.23,-2.47,down
37.95,-4.95,2023,2025,15.46,6.17,-9.3,down
42.75,0.55,2024,2025,8.4,10.4,2.0,up
39.05,-7.85,2023,2025,8.7,8.6,-0.1,flat
37.85,-4.75,2023,2025,5.42,6.2,0.78,up
52.75,0.45,2023,2025,27.55,14.51,-13.05,down
54.95,47.95,2023,2024,11.45,9.09,-2.36,down
44.05,1.95,2023,2025,21.73,13.49,-8.24,down
56.05,47.35,2023,2025,10.46,10.85,0.39,flat
37.95,-5.05,2024,2025,16.6,5.94,-10.66,down
48.85,8.95,2023,2025,7.72,4.59,-3.13,down
59.45,17.35,2023,2025,18.57,12.0,-6.57,down
42.75,13.65,2023,2025,7.0,10.89,3.89,up
39.85,-6.05,2023,2025,5.18,12.06,6.88,up
37.15,-3.45,2024,2025,9.36,5.0,-4.36,down
42.85,13.55,2023,2024,7.15,7.55,0.39,flat
46.15,3.65,2023,2025,10.61,8.45,-2.15,down
55.95,47.35,2023,2025,6.42,2.0,-4.42,down
42.95,13.95,2023,2025,10.04,8.3,-1.74,down
45.05,-1.15,2023,2024,19.52,8.82,-10.7,down
37.05,-7.95,2024,2025,7.93,7.54,-0.39,flat
46.15,45.35,2023,2024,9.32,10.92,1.6,up
42.95,9.45,2023,2024,8.65,8.77,0.11,flat
42.75,13.55,2023,2025,8.52,9.14,0.63,up
46.75,5.45,2023,2025,11.0,18.84,7.84,up
43.55,4.85,2023,2025,7.92,9.5,1.58,up
51.05,3.75,2024,2025,9.04,9.47,0.43,flat
51.55,-3.05,2023,2025,16.01,16.45,0.44,flat
47.55,7.55,2023,2024,14.41,10.0,-4.41,down
42.55,-8.85,2023,2025,14.66,15.75,1.1,up
51.65,5.65,2023,2024,12.02,9.98,-2.04,down
42.75,11.85,2023,2025,18.41,11.72,-6.69,down
42.85,13.65,2023,2025,8.74,10.17,1.43,up
42.25,1.05,2024,2025,22.45,22.38,-0.06,flat
46.75,1.15,2023,2025,10.27,13.7,3.42,up
41.05,-5.65,2024,2025,10.41,15.48,5.07,up
41.25,1.75,2023,2025,9.29,9.36,0.06,flat
42.85,-8.65,2023,2025,15.31,17.8,2.49,up
44.05,1.85,2023,2024,18.0,3.67,-14.33,down
48.05,-4.75,2023,2025,8.88,8.97,0.1,flat
41.55,1.85,2023,2025,8.2,10.87,2.67,up
48.05,0.15,2023,2025,9.53,9.27,-0.25,flat
41.85,-8.55,2023,2024,13.79,9.5,-4.29,down
41.55,0.55,2023,2025,12.88,15.37,2.48,up
41.55,-8.45,2023,2025,14.02,17.28,3.27,up
50.05,8.65,2023,2024,9.38,8.14,-1.24,down
42.75,-5.75,2023,2025,13.74,10.0,-3.74,down
48.25,9.85,2023,2024,14.72,15.18,0.46,flat
39.85,-5.95,2023,2024,15.94,7.37,-8.56,down
43.25,0.15,2023,2024,12.8,21.88,9.08,up
59.35,18.05,2023,2025,15.63,9.17,-6.46,down
48.75,-1.55,2023,2025,9.46,9.41,-0.05,flat
41.55,1.95,2023,2025,12.47,11.5,-0.97,down
37.05,-7.75,2023,2025,10.25,9.4,-0.85,down
56.25,16.45,2023,2025,11.24,13.24,2.01,up
48.25,16.95,2023,2025,18.57,13.87,-4.7,down
49.05,5.85,2023,2024,11.86,5.0,-6.86,down
57.65,11.95,2023,2025,12.97,16.64,3.66,up
48.05,0.25,2023,2025,8.52,7.97,-0.55,down
43.65,3.85,2023,2025,10.16,10.82,0.65,up
53.65,0.15,2023,2025,9.73,9.1,-0.63,down
50.85,4.35,2023,2025,7.47,10.57,3.1,up
42.25,3.05,2024,2025,6.25,8.19,1.94,up
52.15,5.35,2023,2025,5.26,5.33,0.08,flat
50.45,3.65,2023,2025,9.02,10.66,1.64,up
49.25,-0.15,2023,2025,7.85,7.07,-0.78,down
50.35,26.65,2023,2025,12.79,15.15,2.36,up
47.95,10.95,2023,2025,25.31,15.4,-9.91,down
39.25,16.75,2023,2025,14.72,10.66,-4.06,down
45.85,0.85,2023,2024,4.85,6.28,1.43,up
43.15,0.35,2023,2025,18.74,22.03,3.3,up
60.15,25.05,2023,2025,17.77,12.75,-5.02,down
45.75,16.05,2023,2025,10.19,9.18,-1.02,down
43.55,3.95,2024,2025,3.98,7.32,3.33,up
40.95,-1.65,2024,2025,16.7,22.58,5.87,up
58.05,26.65,2023,2025,11.66,16.7,5.04,up
50.85,4.65,2024,2025,15.81,21.53,5.72,up
52.15,14.05,2023,2024,21.88,22.73,0.85,up
44.95,0.95,2023,2025,9.67,9.87,0.21,flat
52.15,4.35,2023,2025,11.61,15.96,4.35,up
43.55,-1.45,2023,2025,10.32,15.02,4.7,up
58.35,26.65,2023,2025,11.87,11.21,-0.66,down
45.75,15.95,2023,2025,13.44,11.91,-1.53,down
52.25,20.55,2023,2024,7.6,4.0,-3.6,down
45.75,16.15,2023,2024,9.93,5.51,-4.42,down
47.75,16.75,2023,2025,2.0,17.45,15.45,up
37.15,-7.65,2023,2025,9.2,13.28,4.08,up
51.45,23.15,2023,2024,10.74,13.15,2.42,up
46.65,0.15,2023,2025,15.77,14.75,-1.02,down
50.65,-1.15,2023,2025,19.2,20.92,1.72,up
47.85,2.05,2023,2025,11.7,14.51,2.82,up
47.35,9.65,2023,2024,9.64,6.76,-2.88,down
52.25,13.85,2023,2024,18.79,27.88,9.09,up
51.45,0.25,2023,2025,8.96,8.74,-0.23,flat
54.25,-0.25,2023,2024,8.44,8.12,-0.32,flat
54.15,-0.15,2023,2025,9.65,10.9,1.25,up
54.15,-0.55,2023,2025,20.96,20.68,-0.28,flat
48.85,2.65,2024,2025,8.69,8.41,-0.29,flat
52.25,-6.35,2023,2025,8.88,10.35,1.46,up
49.85,19.25,2023,2025,10.76,10.83,0.07,flat
51.75,5.25,2023,2025,8.87,8.68,-0.19,flat
52.25,-6.45,2023,2025,9.92,10.31,0.39,flat
53.55,8.65,2023,2025,9.61,9.52,-0.1,flat
58.75,17.05,2023,2025,6.15,12.34,6.18,up
53.85,8.55,2023,2024,9.66,9.74,0.08,flat
51.35,-0.15,2023,2025,11.19,9.35,-1.84,down
52.15,-6.45,2023,2025,12.54,13.54,1.0,up
41.45,2.35,2023,2024,10.85,10.51,-0.34,flat
45.35,10.25,2023,2024,6.87,6.2,-0.66,down
53.65,-1.75,2023,2025,10.98,10.47,-0.52,down
48.65,9.25,2023,2025,13.37,7.63,-5.74,down
52.05,4.85,2024,2025,7.53,7.0,-0.53,down
51.55,6.15,2023,2024,10.71,9.79,-0.92,down
51.75,5.65,2023,2025,9.0,4.99,-4.01,down
52.35,16.95,2023,2024,12.49,17.65,5.16,up
48.95,4.35,2023,2024,10.08,11.27,1.2,up
48.85,3.05,2023,2025,9.05,9.02,-0.03,flat
69.55,18.65,2023,2025,6.97,14.39,7.43,up
50.75,4.55,2024,2025,8.5,12.65,4.15,up
51.25,3.25,2024,2025,8.72,8.51,-0.21,flat
37.35,-6.25,2023,2024,9.12,9.22,0.1,flat
59.95,17.95,2023,2025,11.37,8.87,-2.49,down
63.75,20.35,2023,2025,7.95,8.2,0.24,flat
50.25,18.95,2023,2024,9.47,9.09,-0.38,flat
50.85,3.35,2023,2025,9.18,9.36,0.18,flat
49.55,23.95,2023,2024,15.82,15.91,0.09,flat
52.45,13.45,2023,2025,14.0,4.76,-9.24,down
50.55,5.65,2023,2024,9.0,8.41,-0.59,down
45.95,-0.95,2023,2025,10.14,9.26,-0.88,down
53.25,5.55,2023,2025,9.79,12.31,2.52,up
50.95,1.85,2024,2025,9.45,9.5,0.06,flat
51.65,16.05,2023,2024,11.84,14.32,2.48,up
53.55,-6.35,2023,2025,12.22,8.92,-3.31,down
48.95,2.35,2023,2025,7.67,6.45,-1.21,down
48.85,2.35,2023,2025,9.64,8.37,-1.27,down
44.15,5.35,2024,2025,4.33,8.35,4.02,up
51.85,16.65,2023,2024,11.52,12.0,0.48,flat
59.35,-2.45,2023,2024,10.41,13.72,3.31,up
53.25,-6.15,2024,2025,8.61,12.62,4.01,up
51.25,-2.95,2023,2025,19.73,13.56,-6.17,down
47.65,9.55,2024,2025,13.0,13.56,0.56,up
54.05,-1.05,2024,2025,8.22,7.87,-0.35,flat
50.15,8.65,2023,2025,12.49,10.96,-1.53,down
46.95,9.95,2024,2025,10.85,8.22,-2.64,down
48.05,-4.65,2024,2025,9.03,6.48,-2.55,down
52.45,10.05,2024,2025,9.22,7.5,-1.72,down
59.85,17.65,2023,2025,11.77,14.55,2.78,up
48.85,2.75,2023,2025,8.68,11.3,2.62,up
63.95,20.65,2024,2025,4.98,5.0,0.02,flat
63.85,20.15,2023,2025,6.09,10.17,4.08,up
52.35,-1.75,2023,2025,11.21,8.56,-2.65,down
63.95,20.85,2023,2024,17.4,9.57,-7.83,down
63.45,19.65,2023,2025,11.29,11.09,-0.2,flat
64.25,20.05,2023,2025,9.59,5.0,-4.59,down
63.95,20.35,2024,2025,5.04,9.24,4.2,up
44.55,6.25,2023,2024,19.08,17.97,-1.11,down
56.75,37.15,2023,2024,13.16,9.78,-3.38,down
47.25,9.75,2023,2025,12.46,7.84,-4.62,down
52.35,13.85,2023,2024,17.35,16.0,-1.35,down
53.55,-1.75,2023,2025,13.93,16.8,2.87,up
63.85,20.75,2023,2025,5.68,9.71,4.03,up
50.45,16.35,2023,2025,13.79,8.96,-4.83,down
51.95,5.95,2023,2025,14.06,8.99,-5.06,down
49.45,0.35,2023,2024,9.47,9.26,-0.21,flat
43.45,4.45,2023,2024,18.88,8.68,-10.2,down
49.45,8.65,2023,2025,15.84,15.45,-0.39,flat
58.75,17.85,2023,2024,15.95,9.95,-6.0,down
48.65,-4.25,2023,2024,14.31,11.91,-2.4,down
58.75,17.15,2023,2025,8.71,9.95,1.24,up
59.45,17.25,2024,2025,19.1,14.29,-4.81,down
47.85,11.05,2023,2024,21.21,16.93,-4.28,down
39.85,-4.25,2023,2024,11.57,8.36,-3.21,down
59.55,17.45,2023,2025,13.84,17.0,3.16,up
48.45,-5.05,2023,2025,9.1,7.78,-1.32,down
48.05,-4.85,2023,2025,8.04,8.56,0.52,up
39.25,16.65,2023,2025,18.72,9.7,-9.02,down
39.55,16.65,2024,2025,20.19,12.82,-7.37,down
41.65,0.95,2023,2025,15.89,12.42,-3.47,down
37.85,35.15,2023,2024,7.69,12.12,4.42,up
42.45,-5.55,2023,2024,15.62,21.67,6.06,up
41.85,-8.85,2023,2025,15.33,15.67,0.34,flat
42.35,1.05,2023,2024,11.0,13.98,2.98,up
48.45,-5.15,2023,2024,10.05,11.79,1.73,up
60.55,4.85,2024,2025,6.55,9.09,2.54,up
48.65,-4.45,2023,2024,13.29,9.57,-3.71,down
41.35,0.75,2024,2025,10.93,9.3,-1.64,down
48.05,-4.55,2023,2025,5.67,8.4,2.73,up
39.35,16.65,2023,2025,13.0,16.97,3.97,up
48.65,-1.45,2023,2025,10.85,9.57,-1.28,down
39.05,16.45,2024,2025,15.43,16.66,1.23,up
49.35,0.55,2023,2025,12.56,21.58,9.02,up
51.45,0.45,2024,2025,9.04,6.0,-3.04,down
42.55,9.25,2024,2025,3.0,8.19,5.19,up
44.45,8.95,2023,2025,11.37,12.77,1.4,up
52.35,13.75,2023,2024,20.9,17.0,-3.9,down
53.05,-4.15,2023,2024,7.81,7.61,-0.2,flat
45.15,1.85,2023,2025,8.65,7.71,-0.94,down
40.95,-1.75,2024,2025,10.78,4.1,-6.68,down
41.75,-5.95,2023,2025,26.9,14.22,-12.68,down
63.85,19.85,2023,2024,14.96,15.45,0.49,flat
56.15,10.15,2023,2025,10.0,9.32,-0.68,down
60.25,17.15,2023,2025,5.37,14.05,8.68,up
41.55,-8.35,2023,2025,12.59,15.71,3.12,up
51.75,-0.15,2023,2025,9.58,7.43,-2.14,down
39.45,16.75,2023,2025,15.88,16.25,0.37,flat
52.65,-0.55,2023,2025,8.57,12.82,4.25,up
51.55,-0.05,2023,2025,11.27,11.27,-0.0,flat
63.85,20.25,2023,2024,3.17,10.26,7.09,up
41.95,1.75,2023,2024,9.13,13.0,3.87,up
49.15,-0.45,2023,2025,9.45,13.0,3.55,up
51.95,16.75,2023,2024,8.23,15.22,6.99,up
46.55,0.25,2023,2025,13.43,6.91,-6.52,down
38.55,-9.15,2023,2024,13.74,6.23,-7.51,down
51.05,4.25,2023,2025,12.17,8.81,-3.36,down
50.65,3.15,2023,2024,10.99,11.39,0.4,flat
51.55,22.85,2024,2025,14.66,13.14,-1.52,down
48.25,17.05,2023,2025,17.69,22.45,4.75,up
44.05,1.75,2023,2024,16.83,7.84,-8.99,down
55.55,14.35,2024,2025,16.55,15.35,-1.2,down
56.15,14.85,2023,2025,13.0,16.6,3.6,up
55.45,14.25,2024,2025,18.09,21.07,2.98,up
47.95,11.05,2023,2024,19.6,20.23,0.62,up
51.75,-0.05,2023,2025,8.9,8.07,-0.83,down
59.25,17.95,2023,2024,9.27,14.66,5.39,up
43.15,-2.55,2023,2025,8.77,9.08,0.31,flat
51.65,0.45,2024,2025,16.4,12.59,-3.81,down
48.45,17.25,2023,2024,7.81,1.0,-6.81,down
48.25,17.15,2023,2024,11.73,6.15,-5.58,down
42.75,2.15,2023,2024,12.09,14.44,2.35,up
47.85,3.15,2024,2025,8.69,9.6,0.91,up
51.55,-0.15,2023,2025,3.91,7.54,3.63,up
49.25,-0.25,2023,2025,8.02,13.78,5.76,up
60.75,10.95,2023,2025,23.96,23.65,-0.31,flat
41.45,0.65,2023,2024,8.0,7.18,-0.82,down
41.45,46.15,2023,2025,5.82,8.91,3.09,up
63.75,20.05,2023,2025,9.84,7.0,-2.84,down
51.75,16.65,2023,2024,11.79,7.92,-3.86,down
37.05,-3.65,2023,2024,11.0,5.5,-5.5,down
37.15,-7.45,2023,2024,7.97,9.12,1.15,up
41.75,-8.85,2023,2025,15.19,15.17,-0.02,flat
41.55,0.65,2023,2025,11.94,8.5,-3.44,down
37.05,-8.05,2023,2025,10.63,8.2,-2.43,down
41.35,-3.85,2023,2024,14.65,15.83,1.18,up
50.45,3.75,2023,2025,13.47,8.44,-5.03,down
50.65,5.65,2023,2025,8.38,6.22,-2.16,down
47.45,7.45,2023,2024,17.92,17.09,-0.83,down
43.75,-7.85,2023,2025,8.95,8.79,-0.17,flat
47.85,1.95,2024,2025,11.93,11.56,-0.37,flat
63.75,20.25,2023,2025,11.73,8.82,-2.91,down
53.15,6.05,2023,2025,8.41,6.5,-1.91,down
60.25,25.05,2023,2025,11.98,8.98,-3.0,down
47.55,-0.55,2023,2025,4.23,7.09,2.86,up
48.15,-1.65,2023,2025,13.62,9.29,-4.33,down
52.65,-0.65,2024,2025,12.51,14.14,1.63,up
46.65,-1.45,2024,2025,8.02,7.0,-1.02,down
50.75,3.05,2024,2025,9.22,7.9,-1.32,down
54.25,8.65,2023,2024,5.85,8.7,2.85,up
46.25,-1.15,2023,2025,8.95,7.68,-1.28,down
41.85,-5.55,2023,2025,13.19,8.0,-5.19,down
51.35,4.25,2023,2024,11.36,15.26,3.9,up
58.95,17.65,2023,2025,29.05,14.96,-14.09,down
42.25,-8.75,2023,2025,6.32,9.33,3.02,up
43.25,-1.65,2023,2024,1.0,8.47,7.47,up
43.15,-0.45,2023,2024,8.1,10.08,1.98,up
56.45,9.65,2023,2025,7.63,8.74,1.11,up
50.25,16.85,2023,2024,11.35,8.45,-2.9,down
57.95,22.05,2023,2025,11.15,14.0,2.85,up
51.75,-0.25,2023,2025,6.1,7.53,1.44,up
50.65,4.25,2024,2025,8.11,9.3,1.19,up
43.55,4.65,2024,2025,5.75,9.97,4.22,up
59.55,18.15,2023,2024,16.34,9.71,-6.64,down
57.75,10.65,2023,2025,10.29,20.0,9.71,up
43.35,-2.85,2023,2024,13.0,9.0,-4.0,down
43.55,4.15,2024,2025,8.08,14.86,6.78,up
40.75,0.75,2023,2025,9.1,8.91,-0.19,flat
51.65,3.75,2023,2025,11.0,19.69,8.69,up
39.35,-0.35,2023,2025,9.38,8.47,-0.91,down
42.35,-8.75,2024,2025,8.5,9.06,0.56,up
39.65,16.75,2023,2025,12.0,11.63,-0.37,flat
34.75,32.45,2023,2025,8.37,9.98,1.61,up
39.35,16.55,2023,2024,17.46,14.99,-2.47,down
39.25,16.55,2024,2025,14.57,14.33,-0.24,flat
40.95,-5.65,2023,2024,11.54,11.95,0.41,flat
36.65,-4.45,2023,2025,8.92,12.57,3.65,up
47.95,2.15,2024,2025,10.18,11.26,1.08,up
63.15,9.45,2024,2025,15.4,13.41,-1.99,down
52.25,13.65,2023,2024,19.57,19.58,0.0,flat
52.35,4.95,2023,2024,18.65,17.81,-0.84,down
59.65,17.35,2023,2025,16.77,9.51,-7.27,down
52.05,4.45,2023,2025,19.5,16.07,-3.43,down
58.65,16.75,2023,2024,11.75,10.53,-1.22,down
50.75,4.35,2023,2025,11.29,8.8,-2.48,down
52.25,4.95,2024,2025,8.45,6.0,-2.45,down
50.35,3.95,2024,2025,8.48,8.43,-0.05,flat
51.05,2.35,2023,2025,8.52,8.99,0.48,flat
45.85,0.95,2023,2025,7.69,8.11,0.42,flat
50.15,1.75,2024,2025,5.95,13.16,7.21,up
47.45,0.35,2023,2024,8.85,7.95,-0.9,down
51.85,5.15,2024,2025,7.53,5.98,-1.55,down
50.35,3.55,2024,2025,8.5,6.1,-2.39,down
43.15,-7.85,2023,2024,12.0,9.48,-2.52,down
61.45,23.25,2024,2025,8.37,7.7,-0.67,down
48.85,2.05,2024,2025,7.79,8.52,0.72,up
47.35,9.55,2023,2025,15.11,7.64,-7.47,down
45.85,1.25,2023,2025,7.79,7.69,-0.1,flat
50.95,2.85,2023,2024,6.0,6.51,0.51,up
47.75,-2.45,2024,2025,9.29,7.7,-1.59,down
45.25,1.75,2024,2025,6.37,5.04,-1.33,down
52.55,13.45,2023,2025,3.07,2.02,-1.05,down
52.55,-2.15,2023,2025,9.91,6.91,-3.0,down
41.85,-5.65,2023,2025,12.7,5.0,-7.7,down
51.95,4.45,2023,2025,15.1,14.18,-0.92,down
38.75,-27.25,2023,2024,9.6,10.29,0.69,up
55.65,14.35,2024,2025,9.1,14.91,5.81,up
50.75,2.95,2023,2025,9.97,9.19,-0.78,down
38.45,-28.25,2023,2024,6.8,6.29,-0.51,down
47.25,-1.55,2024,2025,16.34,14.45,-1.9,down
44.15,5.15,2023,2024,7.14,6.0,-1.14,down
51.45,5.45,2023,2025,9.99,13.6,3.61,up
56.45,9.15,2023,2024,14.18,20.41,6.23,up
49.35,0.45,2023,2025,18.51,20.87,2.36,up
60.25,25.15,2023,2025,21.23,17.62,-3.61,down
41.95,-8.75,2023,2024,14.14,10.0,-4.14,down
47.35,-1.55,2023,2025,7.14,12.63,5.48,up
50.35,3.65,2024,2025,6.45,8.45,2.0,up
48.85,-1.55,2024,2025,7.63,7.65,0.02,flat
59.25,18.05,2023,2024,18.68,5.0,-13.68,down
46.55,0.35,2023,2025,9.05,5.59,-3.47,down
49.25,0.65,2024,2025,21.01,19.96,-1.05,down
42.65,44.65,2024,2025,7.46,12.1,4.64,up
48.65,-2.85,2023,2024,6.99,6.83,-0.16,flat
59.25,23.55,2024,2025,7.54,7.52,-0.02,flat
43.65,4.65,2023,2024,11.04,7.5,-3.54,down
57.05,-6.25,2023,2025,11.8,9.55,-2.26,down
34.75,32.55,2023,2025,7.14,7.05,-0.09,flat
43.45,4.65,2023,2025,14.0,17.0,3.0,up
52.05,-8.55,2023,2025,9.07,6.85,-2.22,down
36.25,33.95,2023,2024,8.53,10.55,2.01,up
48.85,9.05,2023,2024,16.83,7.47,-9.37,down
42.25,3.15,2024,2025,10.0,10.0,0.0,flat
38.55,-28.35,2023,2024,9.2,9.91,0.72,up
53.95,-1.25,2023,2024,8.88,5.57,-3.3,down
59.55,17.15,2023,2025,10.46,9.16,-1.3,down
54.65,18.85,2023,2024,7.05,8.07,1.02,up
55.55,14.25,2024,2025,18.95,15.65,-3.3,down
59.15,18.25,2023,2024,25.1,14.0,-11.1,down
45.75,4.85,2023,2024,3.48,14.64,11.15,up
39.35,16.35,2023,2024,14.62,13.65,-0.97,down
54.95,-1.45,2023,2024,11.38,8.99,-2.39,down
50.15,5.25,2023,2025,10.55,7.55,-3.0,down
52.25,13.95,2023,2024,18.04,13.0,-5.04,down
50.15,18.95,2023,2024,10.5,11.14,0.64,up
50.75,0.25,2023,2025,6.03,10.0,3.97,up
48.75,-2.95,2023,2025,8.66,2.94,-5.72,down
59.35,17.15,2023,2024,11.32,13.79,2.47,up
53.65,-10.15,2023,2025,4.98,11.24,6.26,up
58.45,26.25,2023,2024,18.61,16.09,-2.52,down
53.15,4.85,2023,2025,11.0,16.64,5.64,up
63.75,20.45,2024,2025,7.76,8.0,0.24,flat
52.15,0.15,2023,2024,12.23,9.75,-2.48,down
49.25,-1.25,2024,2025,7.51,7.57,0.06,flat
56.45,12.55,2023,2025,22.32,10.27,-12.05,down
49.35,0.65,2024,2025,18.83,23.0,4.17,up
55.65,-1.75,2023,2024,20.59,15.4,-5.19,down
48.35,-0.45,2023,2024,9.79,8.71,-1.07,down
42.55,-5.75,2023,2024,17.95,16.74,-1.21,down
40.65,0.85,2023,2025,8.13,7.91,-0.22,flat
55.15,11.75,2024,2025,5.89,6.73,0.83,up
47.85,-2.25,2024,2025,11.0,18.96,7.96,up
64.25,20.15,2024,2025,11.96,9.45,-2.51,down
64.05,20.55,2023,2024,4.22,2.59,-1.63,down
70.05,29.75,2024,2025,3.24,1.0,-2.24,down
64.25,19.75,2023,2024,1.0,4.8,3.8,up
48.25,14.45,2023,2024,12.0,22.31,10.31,up
49.25,0.75,2024,2025,20.94,16.19,-4.75,down
48.55,9.05,2024,2025,2.49,2.25,-0.24,flat
61.75,14.75,2024,2025,7.64,10.12,2.48,up
