year,urban_class,n_recordings,n_indexed,Acoustic_Complexity_Index__main_value__mean,Acoustic_Complexity_Index__main_value__median,Bio_acoustic_Index__main_value__mean,Bio_acoustic_Index__main_value__median,Acoustic_Diversity_Index__main_value__mean,Acoustic_Diversity_Index__main_value__median,Acoustic_Evenness_Index__main_value__mean,Acoustic_Evenness_Index__main_value__median,Normalized_Difference_Sound_Index__main_value__mean,Normalized_Difference_Sound_Index__main_value__median,Spectral_Entropy__main_value__mean,Spectral_Entropy__main_value__median,Temporal_Entropy__main_value__mean,Temporal_Entropy__main_value__median,NB_peaks__main_value__mean,NB_peaks__main_value__median,Wave_SNR__SNR__mean,Wave_SNR__SNR__median,Spectral_centroid__mean__mean,Spectral_centroid__mean__median,ZCR__mean__mean,ZCR__mean__median,RMS_energy__mean__mean,RMS_energy__mean__median
2015,city,2820,2799,1747.7708728981945,962.524258949188,12.36371158891277,9.450134462256148,1.8705503555247267,1.958051679496294,0.27571717961397846,0.2531941561023012,0.5499643265203938,0.796192413939603,0.818730847745495,0.8192953564829313,0.9592767082754181,0.9680007546892196,3.977491961414791,3.0,36.978603913001066,39.06223269505891,4622.469922598036,4034.917871196882,0.15946493428583128,0.1393241226184175,0.017367365200604636,0.0112534041808302
2015,rural,46207,45827,2059.754951457805,1182.7503823584068,11.164363937980538,9.648460449322464,1.8127417178762768,1.915726397766634,0.30659741725359757,0.2917957924508592,0.6394665011581717,0.9000463451790568,0.8206182297899732,0.8305807105126222,0.9464493885916132,0.9545970686382916,3.893461941340782,3.0,41.98199899805052,44.52367684669497,5211.394100743847,4977.733668894196,0.17782934863619443,0.1702799716003042,0.019197099408406897,0.0125322429461565
2015,town,915,903,2156.462128465349,1139.194712750922,11.476424370685073,9.228008922108923,1.826198000860691,1.915376957335159,0.30728110309950324,0.2958865654097191,0.5951917674160384,0.8221201007818877,0.8128081551621807,0.8218057838177436,0.9534805677885662,0.9601162953848392,3.6677740863787376,3.0,41.145750266060006,42.83712588720822,4808.404674251436,4538.350298294125,0.165737331982055,0.1561623239016236,0.020820296235502096,0.0125158981222445
2016,city,2890,2888,1997.6030652492448,1010.2622416078244,11.634228281357576,9.181393409928932,1.847625527301205,1.9383951698936355,0.2859916904547131,0.26787917325268185,0.4957966533416591,0.744901271419121,0.8140988374333132,0.815744248072917,0.9610779537206906,0.969338662962526,3.7132963988919667,3.0,33.776453215416026,33.53384486163157,4287.208581899478,4026.2620905542053,0.15177881913613714,0.1343419399076246,0.016900599181481755,0.010751833608694451
2016,rural,42419,42340,2816.1499962712464,1236.6282328799157,10.978905755978326,9.333386572462985,1.8202635617726584,1.9200157835933065,0.30444735830413805,0.2886063614157266,0.629735406353259,0.8960313492225453,0.8211361020011045,0.8298686577416081,0.9489299624312344,0.9568647378195259,3.7482699166253335,3.0,40.26433467313179,42.465613106689744,5086.960106941921,4930.948575763056,0.176612533796114,0.16783012799318253,0.017130557350130204,0.010677679239826099
2016,town,1011,976,2776.3076044406375,1386.8683026185622,11.71056710774942,8.903714185335225,1.8536040625769723,1.9318257610929856,0.2846919767252976,0.2747863421073964,0.6491179301549632,0.8773510183561609,0.8228955425308001,0.8263280413994811,0.9497901533400086,0.9570356482617972,3.8504098360655736,3.0,41.471034432794426,43.66333009176951,5197.653221552345,5087.21474558823,0.18859061736554567,0.17742528229806187,0.017254845299702462,0.01349291356709565
2017,city,2989,2982,2001.2038176734152,976.9479653007256,14.579743235396828,10.043125386094585,1.804798499091292,1.92071228982729,0.30200617848188926,0.28175225383227886,0.5472655785223659,0.8060266579941567,0.8281784071246038,0.8336128757967157,0.9543997643451894,0.9615489382605824,4.006036217303823,3.0,36.364582512905315,37.62109018552166,4663.668722955105,4401.048784180588,0.17290209726146333,0.15465282612170525,0.018307773522470306,0.0099314432079897
2017,rural,50906,50804,2855.8239561648284,1159.1113075031205,10.655126415171063,9.478625338530506,1.754640358640753,1.9090775931483903,0.3043885811870882,0.289710933028048,0.6411079916179493,0.9022716413672288,0.8236985633253523,0.8329134048876035,0.9482069130100753,0.9553903876338018,3.6696718568532116,3.0,40.31646951006649,42.62319574807681,5233.793261935826,5011.33631636145,0.17357125277563779,0.167122899693983,0.01786760358518599,0.0119513268956364
2017,town,1157,1153,2124.1295295050304,924.253065906984,11.46199356847761,9.731607610032093,1.770574291147714,1.8707100052418824,0.3277485815695743,0.3266302579529305,0.6155477381529599,0.8547120747871125,0.8143965845567831,0.8178775303165013,0.9408463381687933,0.9470711881802036,3.666088464874241,3.0,42.80784972726541,45.68514250587084,5028.868453678519,4819.249577036694,0.1664518660118172,0.1556224209078404,0.01970636455637379,0.0128097019624174
2018,city,4236,4224,1759.0067741583166,829.3804393171781,11.671953652718178,8.65692945880313,1.8307504969990138,1.9384202609935213,0.29052233237471287,0.2738673019203446,0.41779502163771287,0.6789209568944315,0.8245648518380924,0.8352424396500248,0.9557651852223816,0.9654828662005595,3.985558712121212,3.0,34.73491549931252,35.80763066248503,5235.017529784326,4369.979568862535,0.15863721994310287,0.13860649446073287,0.01672649145730722,0.010155938625017551
2018,rural,46522,46151,2533.863929224617,1139.6090971886797,10.75894456503714,9.28540470077065,1.8253095144347913,1.934388955813088,0.29121266589366324,0.2715718263035165,0.6189338422919882,0.8871097114379942,0.8268222167850452,0.834964236017276,0.9498260808318085,0.9579759115473084,3.791574567676505,3.0,38.19828298821063,40.70372266234597,5272.673297886567,5054.277308958132,0.18071093352149775,0.1709767574875208,0.019196051418505566,0.0130324167959675
2018,town,803,800,1411.7417675596766,688.9273216060808,12.84953684312405,9.130581859131475,1.7983067101411103,1.9517365605729704,0.27808999082428676,0.2540193506008514,0.4880540203855743,0.7475881729576757,0.8132612058264461,0.8217986244380454,0.9561716440431541,0.9690900847775958,4.1725,3.0,35.72999230485244,38.36275691853059,4944.999308294991,4724.865496559489,0.1687759112611133,0.15423173802731482,0.020890636936041974,0.0131798964914773
2019,city,6114,6109,1339.1376197657019,671.2822314835176,9.959592804348055,7.981352213230448,1.8782872079457782,1.9948401955233284,0.24743136211971223,0.2075330367656678,0.37409608674717726,0.6111357200630864,0.8318696430384956,0.8350087027327899,0.9599960367953931,0.9717363194410642,4.014896055000818,3.0,33.132236840849664,34.16661271073634,4992.714802823991,4586.616736540996,0.17130666181798326,0.1478194999216792,0.017746030852881987,0.0108434561179409
2019,rural,56226,56056,2212.9977146442166,1125.18047647633,10.930887493056424,9.311321104377352,1.795538463429058,1.9243281713107776,0.2938744049778099,0.2779588204890835,0.6227642073553074,0.894037938534629,0.8240734775609829,0.8318662186945633,0.9490337241003028,0.9570590757920336,3.7924272433667006,3.0,38.38258158167527,40.83006181338132,5248.78240321595,5083.965332478838,0.1761698627562981,0.168638443828381,0.01947393222280023,0.01319544452544515
2019,town,1324,1298,1023.430510944861,610.420144237337,11.235958561231099,8.662904168854986,1.9008996547113026,2.014800054406745,0.22805592765292063,0.17479401135372094,0.4563372125961747,0.7354247098146438,0.8265474811059332,0.8333882859171486,0.96030873447166,0.9682078983316846,4.2642526964560865,4.0,30.2977431879832,29.35201260267015,4823.3281387028255,4518.708773274441,0.16401835122884315,0.1528802839340193,0.01916460127997593,0.01180351561809435
2020,city,12082,12037,1407.0470246645834,614.8701128896653,8.324220303127927,6.581987979320844,1.8721545244053384,2.0163168840483108,0.23211731678710176,0.1733515878694476,0.31225367783744823,0.49257181725231913,0.8288540363874867,0.835285863167552,0.9653362995387021,0.976687522964306,3.734313969916064,3.0,27.20153024823233,25.89291847481685,5083.604924584035,4670.600821305743,0.160109834865635,0.1371635109009087,0.01448073499739113,0.00824398945595795
2020,rural,64370,64077,2206.804590548108,1009.4829408512767,10.238651146507314,9.075288535520155,1.820699314514102,1.938107319917325,0.28218615669896074,0.267005423842541,0.6191764124807843,0.8850720843676523,0.8294096532983354,0.8368062690503354,0.9489400757447469,0.957039967742982,3.911436867740727,3.0,36.07372944284393,37.91394874726949,5381.0336569837455,5136.711609106149,0.18021993937343264,0.1671273858766072,0.015338456739299887,0.0094429768038358
2020,town,2389,2370,929.8084171113587,456.69150813372016,8.314315329077669,5.621337752318526,1.938098356758823,2.064179361962086,0.18481623377060516,0.0896436115341161,0.28974610118760874,0.42789434971623536,0.8536419960953873,0.8617361628064627,0.9687026665697817,0.982136547707942,4.172151898734177,3.0,22.62134209286633,18.32920377091309,5467.533917222045,5122.091308154088,0.17608188459226654,0.15430069709776106,0.010440815345427663,0.0057406344374436
2021,city,9080,9067,1383.2470876989316,641.9460775193083,9.211124529771038,7.446821827205711,1.8844251627168922,2.001242175306891,0.2455531344837259,0.20189880427507145,0.38501412013231956,0.5973307255112466,0.8321125408568216,0.8392753174723033,0.9623468428334375,0.9737279135242192,4.1412971542025145,3.0,28.466420212540207,27.57977084177348,5147.287144792232,4737.64409559308,0.1675741141736012,0.1442076553254437,0.014273380123436331,0.0082123322678765
2021,rural,71816,71721,1950.3476383387995,920.5848686513602,10.45794854721762,8.862404278320987,1.7939806611655664,1.95114797077048,0.26645628155901424,0.2462299252918696,0.6014181522574376,0.8616117642748685,0.8406439825686192,0.845153818024372,0.9519821875437818,0.9609090908354017,3.8518616650397433,3.0,33.4570402029114,34.21215023360156,5461.201773766865,5282.7049829791085,0.18805419501288786,0.1707858269286543,0.014034421498417514,0.00821340771022055
2021,town,2547,2521,1262.0577522322633,616.0821243617208,14.431470179140213,6.920292651263617,1.9183472418523058,2.042762970150153,0.20070195430546475,0.1337722896838418,0.26015930783154406,0.3448046780069045,0.8451285600510522,0.8547320409224571,0.9677026208485995,0.9781902639581361,3.907973026576755,3.0,25.756166342357577,24.42093369328027,4786.935999407822,4439.7102199535475,0.16505585765652453,0.1530644217914438,0.01102676015274861,0.004629801759822
2022,city,8057,8017,1309.2033866976003,638.7815915359272,9.236409220768186,7.468792631482506,1.8982341970447132,2.01514331249939,0.23332621989269453,0.18516681358796688,0.3994879027504537,0.6087893252981145,0.8413952461406493,0.8443139125289062,0.9613566149002531,0.9727189819938133,4.096556886227545,3.0,28.804339444506276,28.730994597984846,5136.224091696685,4815.400511221739,0.17697117115490812,0.1495002556854786,0.01417690939663604,0.0080809578988677
2022,rural,72578,72310,2118.3336560369303,875.2326520087097,10.05269480932611,8.770491097329785,1.8276722447293239,1.9687406491494923,0.26013751683671676,0.23329138995576035,0.6183273863659107,0.8702691035118273,0.8435786473136773,0.8475575854482675,0.9530806894288788,0.9619566326982102,4.065967659386109,3.0,32.65151874750642,32.83565701306565,5567.63321589682,5330.260456243313,0.19708721677510893,0.1747530679471809,0.013414967370738292,0.0077914751125088
2022,town,2725,2711,1304.3732773120123,615.1391059007212,8.38700030546335,6.849115705958328,1.9227319281762574,2.045580964770387,0.20005775142236004,0.13312884755117743,0.3377405759055419,0.46850012035813954,0.8371441884458919,0.842314329872569,0.9691028966093861,0.978520176526259,3.8432312799704906,3.0,25.895827768397318,23.620135571594215,4773.5938148558735,4438.938373715975,0.15794231287542035,0.1376572572885596,0.011771111768156126,0.0065781210301924
