urban_class,year,n_cell_years,n_recordings,n_scored_cells,median_S_rare10,mean_S_rare10,class_carried_forward
city,1965,1,1,0,,,1
city,1968,1,1,0,,,1
city,1974,1,1,0,,,1
city,1975,1,5,0,,,1
city,1978,1,1,0,,,1
city,1979,1,3,0,,,1
city,1982,4,14,0,,,1
city,1983,7,45,2,11.603,11.603,1
city,1984,4,19,1,15.015,15.015,1
city,1985,1,1,0,,,1
city,1987,2,3,0,,,1
city,1988,4,6,0,,,1
city,1989,3,7,0,,,1
city,1990,7,17,0,,,1
city,1991,6,15,0,,,1
city,1992,4,28,1,2.45,2.45,1
city,1993,7,65,2,3.276,3.276,1
city,1994,5,9,0,,,1
city,1995,10,54,1,2.827,2.827,1
city,1996,6,19,0,,,1
city,1997,8,21,0,,,1
city,1998,1,1,0,,,1
city,1999,7,8,0,,,1
city,2000,13,35,0,,,1
city,2001,12,65,3,4.5,4.682,1
city,2002,11,25,0,,,1
city,2003,18,77,1,7.238,7.238,1
city,2004,10,213,1,9.139,9.139,1
city,2005,17,52,1,9.425,9.425,1
city,2006,34,141,2,9.316,9.316,1
city,2007,45,211,5,10.85,11.19,1
city,2008,48,185,4,8.037,8.721,1
city,2009,76,408,9,15.568,14.506,1
city,2010,113,566,14,10.964,11.279,1
city,2011,109,741,24,11.455,12.025,1
city,2012,147,1173,24,10.177,12.486,1
city,2013,213,1330,32,10.627,11.303,1
city,2014,255,1506,38,10.244,11.318,1
city,2015,410,2384,57,10.0,10.362,0
city,2016,425,2705,61,10.478,11.628,0
city,2017,500,2877,64,10.726,11.702,0
city,2018,531,4087,75,10.387,11.12,0
city,2019,598,6371,113,9.308,10.222,0
city,2020,693,12127,168,9.704,10.47,0
city,2021,686,9347,161,9.861,10.627,0
city,2022,625,8142,132,9.793,10.254,0
city,2023,491,5362,114,9.762,9.964,1
city,2024,464,7530,117,9.615,10.043,1
city,2025,453,8987,126,9.189,9.418,1
town,1965,1,1,0,,,1
town,1975,1,1,0,,,1
town,1978,2,5,0,,,1
town,1979,1,14,1,10.165,10.165,1
town,1980,1,4,0,,,1
town,1981,2,5,0,,,1
town,1986,1,11,1,13.182,13.182,1
town,1990,1,1,0,,,1
town,1992,1,16,1,1.0,1.0,1
town,1993,2,37,1,1.999,1.999,1
town,1994,1,9,0,,,1
town,1995,1,2,0,,,1
town,1997,3,33,1,12.511,12.511,1
town,1998,2,22,1,18.888,18.888,1
town,1999,1,8,0,,,1
town,2000,4,31,1,8.352,8.352,1
town,2001,4,12,0,,,1
town,2002,6,13,0,,,1
town,2003,3,8,0,,,1
town,2004,3,19,0,,,1
town,2005,6,33,1,7.536,7.536,1
town,2006,8,33,1,10.385,10.385,1
town,2007,12,39,1,14.993,14.993,1
town,2008,9,88,2,12.055,12.055,1
town,2009,14,78,3,10.0,11.864,1
town,2010,16,82,3,10.572,11.462,1
town,2011,25,81,3,11.451,11.263,1
town,2012,32,109,3,10.152,11.267,1
town,2013,42,443,11,9.143,10.221,1
town,2014,53,471,10,9.515,8.768,1
town,2015,104,905,18,11.002,11.221,0
town,2016,115,1031,15,10.189,12.126,0
town,2017,127,1155,18,9.412,9.313,0
town,2018,140,768,20,7.582,7.922,0
town,2019,168,1304,26,9.891,10.073,0
town,2020,199,2276,41,9.405,9.935,0
town,2021,191,2829,42,8.721,9.336,0
town,2022,191,2098,37,9.066,9.787,0
town,2023,115,1366,29,8.852,9.832,1
town,2024,111,1396,31,8.832,9.457,1
town,2025,109,1699,23,10.849,11.413,1
rural,1886,1,1,0,,,1
rural,1900,2,4,0,,,1
rural,1963,3,4,0,,,1
rural,1964,1,3,0,,,1
rural,1965,7,20,0,,,1
rural,1966,4,13,0,,,1
rural,1967,8,14,0,,,1
rural,1968,6,21,0,,,1
rural,1969,4,11,0,,,1
rural,1970,1,1,0,,,1
rural,1971,1,3,0,,,1
rural,1972,2,12,0,,,1
rural,1973,3,5,0,,,1
rural,1974,5,53,1,8.642,8.642,1
rural,1975,6,13,0,,,1
rural,1976,12,19,0,,,1
rural,1977,11,27,1,8.617,8.617,1
rural,1978,11,18,0,,,1
rural,1979,8,25,0,,,1
rural,1980,4,5,0,,,1
rural,1981,5,10,0,,,1
rural,1982,28,217,5,11.5,11.941,1
rural,1983,59,353,10,11.818,12.206,1
rural,1984,46,192,5,11.866,12.514,1
rural,1985,23,195,4,13.446,13.574,1
rural,1986,27,187,4,16.188,15.465,1
rural,1987,48,203,7,8.916,9.003,1
rural,1988,38,231,6,10.267,11.148,1
rural,1989,50,188,5,6.47,7.538,1
rural,1990,103,652,18,9.729,9.85,1
rural,1991,105,870,19,9.901,10.909,1
rural,1992,124,1034,31,9.846,9.987,1
rural,1993,147,1127,36,9.25,9.527,1
rural,1994,123,1328,32,11.217,12.963,1
rural,1995,144,1113,32,12.0,12.989,1
rural,1996,148,1605,45,11.787,12.123,1
rural,1997,206,2314,52,11.838,13.304,1
rural,1998,190,1648,44,11.249,12.244,1
rural,1999,221,1320,42,9.559,10.86,1
rural,2000,246,1941,53,10.513,12.048,1
rural,2001,325,3255,82,11.567,13.206,1
rural,2002,318,2908,78,11.015,12.463,1
rural,2003,299,2909,70,11.73,12.89,1
rural,2004,318,3449,77,9.511,10.748,1
rural,2005,381,3803,77,10.059,11.605,1
rural,2006,508,3498,84,11.994,13.276,1
rural,2007,685,7231,154,10.206,11.846,1
rural,2008,798,5930,166,9.787,11.206,1
rural,2009,1041,8464,220,9.504,10.422,1
rural,2010,1179,9356,245,9.96,11.125,1
rural,2011,1465,13434,314,10.076,11.323,1
rural,2012,1884,15115,384,10.0,10.874,1
rural,2013,2420,20940,494,9.998,11.085,1
rural,2014,2964,25792,573,10.0,11.44,1
rural,2015,5630,46653,972,9.654,10.967,0
rural,2016,5987,42584,937,10.0,11.204,0
rural,2017,6294,51020,1093,9.996,11.197,0
rural,2018,6128,46706,948,9.997,10.988,0
rural,2019,7007,55989,1141,9.705,10.532,0
rural,2020,6829,64438,1182,10.0,11.437,0
rural,2021,7263,71267,1360,10.181,11.261,0
rural,2022,7177,73120,1365,9.842,10.926,0
rural,2023,4474,47960,1020,9.861,11.172,1
rural,2024,4029,46413,947,9.636,10.924,1
rural,2025,3773,49056,896,9.327,10.398,1
